src	prediction	entropy
estitorate	oiestitorating	10.862895011901855
emprotify	oiemprotifying	11.216294288635254
murd-rese	oimurd-resing	10.34925651550293
preclid	eipreclidding	11.243585586547852
saclest	oisaclesting	9.133437156677246
forthurn	oiforthurning	11.20169448852539
scowsted	oiscowstedding	10.631503105163574
miscombabe	oimiscombabing	10.300039291381836
befuckser	oibefucksering	10.324996948242188
forecriminate	ocforecriminating	14.479031562805176
discalestalize	otdiscalestalizing	13.0445556640625
desenetate	oidesenetating	9.911818504333496
compitalate	otcompitalating	10.610840797424316
domenate	oidomenating	9.24000072479248
polturitate	oipolturitating	11.364584922790527
commisexidate	otcommisexidating	11.092758178710938
furstrain	oifurstraining	10.42595100402832
rechock	oirechocking	9.236519813537598
underforsee	ocunderforsing	11.168275833129883
enderblack	otenderblacking	11.076032638549805
pristhost	oipristhosting	10.387078285217285
sureenthan	oisureenthaning	11.14865779876709
exsear	oiexsearing	8.601303100585938
disenteristrow	otdisenteristrowing	13.540584564208984
umbain	oiumbaining	8.531723976135254
stipialize	oistipializing	10.516660690307617
signize	oisignizing	8.533672332763672
rebulise	oirebulising	9.609082221984863
bepelicalize	oibepelicalizing	11.590447425842285
umprit	oiumpritting	10.36123275756836
ensteel	onensteeling	9.34945011138916
repoose	oirepoosing	8.943227767944336
coreperch	oicoreperching	11.423714637756348
deshard	oidesharding	8.772076606750488
preporise	oipreporising	10.785627365112305
forestate	oiforestating	10.008549690246582
fostrip	oifostripping	9.518641471862793
reponselture	otreponselturing	11.44227409362793
pridail	oipridailing	8.941644668579102
debrate	oidebrating	8.39113712310791
extect	oiextecting	9.029614448547363
fackpat	oifackpatting	9.481056213378906
beanicate	oibeanicating	10.000926971435547
mesect-compresenserate	otmesect-compresed	14.489638328552246
desthar	oidestharring	9.35151195526123
shelphar	oishelpharing	9.873903274536133
misbowshuse	oimisbowshusing	10.390161514282227
unputch	oiunputching	9.679435729980469
manshott	oimanshotting	9.11941146850586
disimblacalise	otdisimblacalising	12.967289924621582
exhillain	oiexhillaining	10.441250801086426
resembiast	oiresembiasting	10.729582786560059
beswaine	oibeswaining	9.089655876159668
foredumate	oiforedumating	10.625348091125488
fonderstin	oifonderstinning	11.739154815673828
secct	oiseccting	8.752617835998535
reposterstrock	ocreposterstrocking	12.247645378112793
dishidl	oidishidling	8.72105598449707
deprate	oideprating	9.225800514221191
preprostene	oipreprostening	11.118926048278809
farklick	oifarklicking	10.160841941833496
preclottinate	otpreclottinating	14.872091293334961
recomembolop	ocrecomemboloping	12.728676795959473
demoilsate	oidemoilsating	10.31336498260498
coreart	oicorearting	9.427504539489746
bebondle	onbebondling	8.614631652832031
sampume	oisampuming	8.64574146270752
decarentate	otdecarentating	10.648323059082031
cidiarize	oicidiarizing	9.74935245513916
beardrain	oibeardraining	9.796660423278809
pusseclote	otpussecloting	10.096869468688965
rassion	oirassioning	8.908214569091797
underfudger	ocunderfudgering	11.411972999572754
deporitize	oideporitizing	10.351408958435059
corpend	oicorpending	9.576059341430664
chominate	oichominating	9.53777027130127
underbock	oiunderbocking	10.868202209472656
bebench	oibebenching	9.109535217285156
embrothise	oiembrothising	10.521709442138672
reamber	oireambering	8.817412376403809
retracch	oiretracching	9.7890625
beroumer	onberoumering	9.44609260559082
recarclomize	otrecarclomizing	11.629633903503418
combolicate	otcombolicating	10.837471008300781
enscrate	onenscrating	10.31541919708252
camboal	oicamboaling	10.06351089477539
fordutter	oiforduttering	10.966302871704102
dishet	oidisheting	9.015989303588867
sprecate	oisprecating	10.705845832824707
uncharrint	otuncharrinting	10.943807601928711
defick	oideficking	8.823708534240723
unrascaize	otunrascaizing	10.43750286102295
fordethoth	oifordethothing	10.670088768005371
coisexe	oicoisexing	8.62454891204834
malarise	oimalarising	10.0590238571167
disconteritionize	ondisconteritionizing	15.041993141174316
stroapen	oistroapening	9.584040641784668
polominalize	oipolominalizing	11.28537368774414
foretonize	oiforetonizing	10.851198196411133
elogulate	oielogulating	9.589317321777344
subfourine	oisubfourining	9.50152587890625
befilke	oibefilking	8.975367546081543
fecese	anfecesing	10.08236026763916
deproon	oideprooning	9.108744621276855
entonessimize	ocentonessimizing	12.546714782714844
sposetotate	oisposetotating	10.180708885192871
scervel	oiscervelling	10.089371681213379
exteer	onexteering	9.342642784118652
resinstrive	ocresinstriving	11.57950210571289
prechut	eaprechutting	10.904891967773438
parmute	oiparmuting	9.096942901611328
exaster	oiexastering	9.014046669006348
exirise	oiexirising	9.326635360717773
purmle	oipurmling	8.478405952453613
candub	oicandubbing	9.144062995910645
retraid	oiretraiding	9.454022407531738
conceet	oiconceeting	9.265508651733398
corneect	oicorneecting	10.554947853088379
rupine	oirupining	8.838859558105469
sargenate	oisargenating	9.658089637756348
pampaciate	oipampaciating	10.660172462463379
counterlate	otcounterlating	11.218240737915039
crompalalise	oicrompalalising	11.415205955505371
condoly	oicondolying	8.977210998535156
pitropialize	oipitropializing	10.710858345031738
fordwenshot	oifordwenshotting	12.188465118408203
underforshingle	onunderforshing	14.47851276397705
mokensalize	oimokensalizing	10.50023078918457
beconter	oibecontering	9.821470260620117
sickete	oisicketing	8.63174057006836
dischor	oidischoring	10.315461158752441
defanele	oidefaneling	9.793044090270996
repill	oirepilling	8.740334510803223
restromize	oirestromizing	10.879986763000488
underprict	otunderpricting	12.248295783996582
extound	oiextounding	9.220234870910645
desponialize	oidesponializing	11.06087589263916
priffulder	oipriffuldering	11.104621887207031
morrist	oimorristing	9.189835548400879
compail	oicompailing	9.270339012145996
uncorscille	otuncorscilling	11.524019241333008
consemment	otconsemmenting	10.619751930236816
coadflag	oicoadflagging	9.495285034179688
cromotate	oicromotating	9.586203575134277
enteave	oienteaving	8.924908638000488
prepeath	oiprepeathing	9.671989440917969
mandle-domble	otmandle-dombling	11.61078929901123
empactestalize	otempactestalizing	12.433053970336914
sumperturise	oisumperturising	11.582559585571289
slitkle-protall	otslitkle-protalling	17.28718376159668
unbatch	oiunbatching	8.996256828308105
crople	oicropling	7.812089443206787
besennser	onbesennsering	9.598861694335938
properarize	oiproperarizing	11.445135116577148
unplac	oiunplacking	10.443326950073242
depill	oidepilling	7.998542308807373
encranssiliate	oaencranssiliating	14.453291893005371
panderalize	oipanderalizing	10.618450164794922
unspamber	oiunspambering	9.689102172851562
marderate	oimarderating	10.305501937866211
redisimate	oiredisimating	10.471182823181152
redroms	oiredromsing	9.459233283996582
risheat	oirisheating	9.292366981506348
misendele	onmisendeling	9.699951171875
unpounthon	oiunpounthoning	11.367210388183594
coordalise	oicoordalising	10.113152503967285
unrail	oiunrailing	8.947166442871094
bluddel	oibluddeling	9.657429695129395
pitify	oipitifying	8.929178237915039
reveld	oirevelding	8.63071346282959
recounterpander	onrecounterpandering	15.758076667785645
unbolder	oiunboldering	9.325693130493164
mistroupone	oimistrouponing	10.379112243652344
cisturalise	otcisturalising	10.670681953430176
dorgate	oidorgating	8.77226448059082
revandify	oirevandifying	9.717315673828125
mistercomper	otmistercompering	13.811395645141602
enhansheek	onenhansheeking	10.208405494689941
perply	oiperplying	9.162330627441406
unducker	oiunduckering	9.98276424407959
commistinize	oicommistinizing	11.313584327697754
rechuse	oirechusing	8.488463401794434
muminify	oimuminifying	11.527668952941895
misescork	oimisescorking	10.935959815979004
slitinop	oislitinopping	11.02140998840332
remisten	oiremistening	10.149776458740234
misrank	oimisranking	9.180944442749023
surchour	easurchouring	11.719711303710938
foresead	onforeseading	9.924378395080566
rebese	onrebesing	9.211197853088379
deconditut	oidecondituting	11.008459091186523
coremerise	oicoremerising	10.254244804382324
reasser	oireassering	9.282039642333984
stisionise	oistisionising	10.317410469055176
faborise	oifaborising	9.676910400390625
cheristet	oicheristeting	10.585797309875488
subiclate	oisubiclating	10.231085777282715
refigenize	oirefigenizing	9.991057395935059
corpure	oicorpuring	8.713428497314453
courseshend	occourseshending	11.403070449829102
belathe	oibelathing	9.543793678283691
understrund	otunderstrunding	12.092182159423828
depromer	oidepromering	10.025076866149902
predecrify	oipredecrifying	11.122879028320312
scomminise	oiscomminising	10.030770301818848
soccold-ramp	oisoccold-ramping	13.903515815734863
pittranise	otpittranising	10.258650779724121
stivylurise	otstivylurising	12.36404037475586
cortomise	oicortomising	9.952997207641602
remencate	oiremencating	10.222784042358398
counderdrout	otcounderdrouting	11.310493469238281
desonchescate	otdesonchescating	12.398310661315918
exprostitate	otexprostitating	12.706074714660645
forthoreed	oiforthoreeding	10.84786319732666
retritize	oiretritizing	10.203262329101562
somash	oisomashing	8.557785987854004
respinch	oirespinching	9.377113342285156
defacker	oidefackering	9.566191673278809
entreid	oientreiding	9.7977294921875
detath	oidetathing	8.395490646362305
stensitate	oistensitating	10.930842399597168
fereresete	onferereseting	10.74532699584961
comash	oicomashing	9.147438049316406
furtitate	oifurtitating	10.555277824401855
miselagonise	oimiselagonising	11.54643726348877
conglife	oiconglifing	9.034246444702148
preticit	oipreticiting	10.180559158325195
subiast	oisubiasting	9.479826927185059
unconfute	oiunconfuting	9.421304702758789
micovoll	oimicovolling	9.320563316345215
cortact	oicortacting	11.011077880859375
redicalise	oiredicalising	11.106998443603516
exediate	oiexediating	9.2929105758667
eplender	oneplendering	10.404542922973633
crounder	oicroundering	10.26158332824707
brontle	oibrontling	9.128525733947754
deannedect	oideannedecting	10.275801658630371
cellemorate	otcellemorating	10.512540817260742
pudrossinate	otpudrossinating	12.044645309448242
mechoinamize	oimechoinamizing	10.319046020507812
reforsione	oireforsioning	10.094463348388672
bycard	oibycarding	9.689709663391113
forestrait	oiforestraiting	10.970545768737793
molliate	oimolliating	9.236956596374512
birnobuck	oibirnobucking	10.828207015991211
fonallate	oifonallating	9.689709663391113
cincyer	oicincyering	10.686945915222168
shotcherize	oishotcherizing	10.751996994018555
combrad	oicombradding	10.236648559570312
prophoinise	oiprophoinising	10.55201530456543
decatch	oidecatching	9.336930274963379
perprofecuer	otperprofecuering	14.054631233215332
unflowrify	oiunflowrifying	10.665081024169922
mispirrate	oimispirrating	10.454521179199219
pocilalise	oipocilalising	10.346787452697754
fistrush	onfistrushing	10.357086181640625
sumort	oisumorting	8.433016777038574
sheasphon	oisheasphoning	10.209989547729492
presit	oipresitting	9.380743026733398
courtiate	oicourtiating	9.687542915344238
finchude	oifinchuding	10.80219554901123
unconflace	otunconflacing	10.157753944396973
umbrower	onumbrowering	10.335256576538086
patheshize	oipatheshizing	10.296539306640625
chalvel	oichalveling	10.164153099060059
discolader	oidiscoladering	11.235326766967773
formeed	oiformeeding	8.941828727722168
poospaly	oipoospalying	9.516019821166992
encublate	oiencublating	10.080035209655762
refriss	oirefrissing	9.32597541809082
conpench	oiconpenching	9.391597747802734
panichate	oipanichating	10.484221458435059
sincross	oisincrossing	12.449974060058594
politograte	oipolitograting	13.253293991088867
undercraint	otundercrainting	11.930720329284668
unhark	oiunharking	8.680091857910156
deanchate	oideanchating	10.054099082946777
prisexconvone	onprisexconvoning	11.000892639160156
despignize	oidespignizing	9.949872016906738
unsute	oiunsuting	7.9255242347717285
reclyster	otreclystering	10.455497741699219
rechitch	oirechitching	10.063699722290039
mumboul	eimumbouling	11.245992660522461
demyluscate	otdemyluscating	12.363005638122559
ensiscide	olensisciding	9.753987312316895
dissenge	oidissenging	8.925405502319336
mitraminate	oimitraminating	11.286784172058105
becompulate	oibecompulating	10.94131851196289
encess	oiencessing	9.920272827148438
fatherize	oifatherizing	9.833990097045898
unhour	oiunhouring	8.547765731811523
provetilate	oiprovetilating	10.29137134552002
caludiate	oicaludiating	10.323043823242188
feckshock	oifeckshocking	9.82020378112793
dispricilate	otdispricilating	11.4086275100708
disfrondinate	otdisfrondinating	11.817703247070312
repondle	oirepondling	9.01257038116455
unstungle	ocunstungling	10.659427642822266
culfrit	oiculfritting	11.519558906555176
deanterize	oideanterizing	10.027753829956055
exterter	onextertering	9.781190872192383
scoloog	oiscolooging	8.933287620544434
sarruter	oisarrutering	10.326567649841309
forewons	onforewonsing	9.662693977355957
undwulleat	otundwulleating	13.01495361328125
mesurise	oimesurising	9.391369819641113
chither	oichithering	9.473369598388672
somphard	oisompharding	9.36960220336914
misreem	oimisreeming	9.19312858581543
underpease	otunderpeasing	10.819271087646484
repulend	oirepulending	9.65085506439209
beclowe	oibeclowing	8.44939136505127
decounstelper	otdecounstelpering	12.735164642333984
reconvect	oireconvecting	10.23693561553955
upchumb	oiupchumbing	9.386449813842773
bedrass	oibedrassing	8.89098072052002
fitiontuate	oifitiontuating	11.60771369934082
remedrate	oiremedrating	10.240087509155273
decirtoone	oidecirtooning	10.678179740905762
ribalise	oiribalising	9.944764137268066
convoor	oiconvooring	9.489648818969727
underperve	otunderperving	10.651091575622559
prefectionalise	otprefectionalising	13.031140327453613
roumenne	oiroumenning	9.422642707824707
couther	oicouthering	9.746326446533203
unhust	oiunhusting	8.629197120666504
updelate	oiupdelating	9.837883949279785
pineer-brack	oipineer-bracking	13.429349899291992
cardleat	oicardleating	10.111502647399902
sumertion	oisumertioning	10.466724395751953
subsheit	oisubsheiting	9.802935600280762
proparage	oiproparaging	9.616137504577637
crand-pilk	oicrand-pilking	11.679656982421875
pembrish	onpembrishing	10.092384338378906
munate	oimunating	8.517674446105957
ducrumate	oiducrumating	9.975028038024902
unroud	oiunrouding	8.844050407409668
dericast	oidericasting	11.542756080627441
unsimpure	oiunsimpuring	10.215025901794434
poluctodate	oipoluctodating	11.212464332580566
bebulk	oibebulking	8.368578910827637
misfame	oimisfaming	8.61927604675293
unploot	oiunplooting	8.886287689208984
misplow	oimisplowing	9.265209197998047
fanderie	oifanderiing	11.174983024597168
mispolify	oimispolifying	10.228757858276367
demourter	oidemourtering	10.043830871582031
demorin	oidemorining	9.44051456451416
donsult	oidonsulting	9.253314971923828
mansartate	oimansartating	10.285364151000977
detuer	oidetuering	8.802895545959473
misexcheerate	otmisexcheerating	14.137435913085938
uncell	oiuncelling	8.604503631591797
uncarendulard	Wiuncarendularding	14.389062881469727
unbell	oiunbelling	8.554279327392578
commuteriate	otcommuteriating	11.595453262329102
emaraine	oiemaraining	9.635266304016113
underprotully	otunderprotullying	15.5748291015625
unshanicise	otunshanicising	10.491543769836426
reactrourize	otreactrourizing	12.546612739562988
silenther	oisilenthering	10.06899642944336
porgish	oiporgishing	9.191929817199707
pentshated	oipentshateding	11.831183433532715
decommack	oidecommacking	10.008453369140625
scease	oisceasing	8.711063385009766
discorbardhe	oidiscorbardhing	10.97530746459961
serchel	oisercheling	10.630562782287598
disforshand	oidisforshanding	11.027393341064453
untelarder	oiuntelardering	11.149920463562012
refaber	oirefabering	9.904906272888184
combumalise	occombumalising	11.294209480285645
millenize	oimillenizing	9.844405174255371
forcomplien	ecforcompliening	14.092740058898926
fortsive	onfortsiving	9.617505073547363
posper	oipospering	8.526408195495605
deslig	oidesligging	8.956048965454102
misserpatize	oimisserpatizing	10.684463500976562
stimilate	oistimilating	9.549328804016113
susher	oisushering	8.858606338500977
exhick	oiexhicking	9.272828102111816
defonicate	oidefonicating	10.40592098236084
coltace	oicoltacing	9.293486595153809
pickstark	oipickstarking	10.349985122680664
sitify	oisitifying	8.699372291564941
depageess	oidepageessing	11.444647789001465
beanger	oibeangering	9.384811401367188
cynentionerize	otcynentionerizing	13.066753387451172
mispordish	oimispordishing	10.42563247680664
cootrypidize	otcootrypidizing	11.197270393371582
unbrunter	onunbruntering	11.074451446533203
disindate	oidisindating	9.90235424041748
spamponize	oispamponizing	9.604780197143555
solenter	onsolentering	10.060949325561523
francarl	oifrancarling	12.615017890930176
preclight	oipreclighting	12.112764358520508
belimple	oibelimpling	10.859543800354004
dantet	oidanteting	9.568528175354004
undroach	oiundroaching	9.804865837097168
bechust	oibechusting	8.904119491577148
recominize	oirecominizing	9.802433967590332
croose-bisk	oicroose-bisking	10.680658340454102
conneck	oiconnecking	9.310309410095215
pilarise	oipilarising	9.924077033996582
præperate	oipræperating	9.823137283325195
deconvarcate	otdeconvarcating	11.142447471618652
unboast	oiunboasting	8.755764961242676
prepillish	oiprepillishing	11.546866416931152
erpord	oierpording	9.16128158569336
coatthre-fack	otcoatthre-facking	12.496729850769043
underfoast	oiunderfoasting	10.900611877441406
sanclite	oisancliting	11.736004829406738
emportescine	otemportescining	12.800338745117188
enstied	oienstieding	9.273285865783691
mistach	oimistaching	8.974502563476562
recrits	oirecritsing	10.220203399658203
depressify	oidepressifying	11.030985832214355
reablick	oireablicking	10.514519691467285
poweranise	oipoweranising	11.562359809875488
firtrimate	oifirtrimating	11.536613464355469
calanize	oicalanizing	10.079741477966309
redistrop	oiredistropping	11.243139266967773
unbankstate	ocunbankstating	10.736396789550781
bouttsticker	otbouttstickering	12.315469741821289
monkestize	oimonkestizing	10.42121410369873
digalyse	oidigalysing	9.883938789367676
enduscile	otendusciling	9.764756202697754
unduter	oiundutering	9.568142890930176
reterembrow	oireterembrowing	11.019169807434082
simencolast	otsimencolasting	11.058293342590332
creaperdensilify	otcreaperdensilifying	14.832243919372559
undercricte	otundercricting	12.255526542663574
mecrinate	oimecrinating	10.271209716796875
rebusk	oirebusking	8.453612327575684
ephhecodize	oiephhecodizing	10.689992904663086
defrouter	oidefroutering	10.597373962402344
unlame	oiunlaming	8.614566802978516
memonise	onmemonising	9.514968872070312
expartialise	otexpartialising	12.36744213104248
fartulate	oifartulating	10.536491394042969
cubfurk	oicubfurking	11.16372013092041
deperscrise	otdeperscrising	11.86719799041748
madg	oimadging	7.292073726654053
concullectualize	inconcullectualizing	16.037979125976562
redeporcitulate	otredeporcitulating	12.782336235046387
defit	oidefitting	8.802006721496582
sprive	oispriving	8.604804992675781
sonerate	onsonerating	9.653103828430176
beprisce	oibepriscing	9.968987464904785
retreal	oiretrealing	9.411572456359863
pherote	oipheroting	9.291658401489258
mort-critude	oimort-crituding	14.091848373413086
centershal	oicentershaling	11.310487747192383
depooe	oidepooing	7.804773807525635
culclate	ecculclating	11.759103775024414
enbollopize	oienbollopizing	10.121615409851074
secruch	oisecruching	10.198160171508789
sponeswead	oisponesweading	9.840063095092773
flainer	oiflainering	8.935988426208496
scirm	oiscirming	8.556504249572754
uddalish	oiuddalishing	9.97507381439209
mackollize	oimackollizing	10.495030403137207
redeaver	oiredeavering	9.939370155334473
miscammine	oimiscammining	10.322690963745117
strint	oistrinting	8.813349723815918
borsete	oiborseting	8.339694023132324
precling	ecpreclinging	12.145973205566406
mousize	oimousizing	9.050117492675781
unbutthome	oiunbutthoming	9.937140464782715
shitsle	oishitsling	8.950304985046387
upstaldle	otupstaldling	9.888677597045898
unshrut	oiunshrutting	9.31427001953125
bransclick	otbransclicking	12.2658052444458
decarcricate	otdecarcricating	12.569622993469238
enscryile	otenscryiling	11.523879051208496
droass	oidroassing	8.742114067077637
pordomize	oipordomizing	10.110772132873535
merbeaglon	oimerbeagloning	11.190244674682617
bisheck	oibishecking	8.72320556640625
forefrict	oiforefricting	11.165982246398926
cantimate	oicantimating	11.215654373168945
deslantaill	oideslantailling	11.583298683166504
shelenish	oishelenishing	9.582427024841309
misemadower	oimisemadowering	10.779783248901367
crooter	oicrootering	9.147894859313965
discommer	oidiscommering	10.478301048278809
freweape	oifreweaping	9.986065864562988
unreignize	onunreignizing	10.623883247375488
disextene	ondisextening	9.700416564941406
discapenshork	otdiscapenshorking	13.437018394470215
deauristize	oideauristizing	10.928502082824707
bairise	oibairising	8.884820938110352
unterfluate	ocunterfluating	11.983570098876953
remispinate	ocremispinating	11.947022438049316
besuld	oibesulding	8.695259094238281
disangureate	otdisangureating	11.180965423583984
reteep	oireteeping	9.591500282287598
sotreanize	oisotreanizing	10.182961463928223
extitulate	otextitulating	10.625351905822754
replacate	oireplacating	9.731099128723145
refalide	oirefaliding	9.360071182250977
depracicate	otdepracicating	11.178049087524414
rubure	oiruburing	8.232600212097168
permook	oipermooking	9.105744361877441
profyscrash	otprofyscrashing	11.5853910446167
preflibe	oipreflibing	9.350488662719727
bepadge	oibepadging	8.82315731048584
rephalate	oirephalating	9.509773254394531
unpunnestate	otunpunnestating	12.22606086730957
flat-scripent	onflat-scripenting	14.212486267089844
enboll	oienbolling	8.4616117477417
reaccutape	otreaccutaping	11.8436918258667
chisiminize	oichisiminizing	10.92637825012207
flantle	oiflantling	9.83639907836914
callulate	oicallulating	10.353744506835938
estragate	oiestragating	9.580076217651367
dissald	oidissalding	9.085649490356445
rebestelise	ocrebestelising	11.627702713012695
reflowe	oireflowing	8.58290958404541
deporsate	oideporsating	10.514351844787598
forepork	oiforeporking	9.356914520263672
bumphy-tartinate	onbumphy-tartinating	15.918290138244629
expraphern	otexprapherning	11.825709342956543
unchanter	oiunchantering	10.102127075195312
disfrast	oidisfrasting	10.147199630737305
ensubitate	oiensubitating	9.89531135559082
mansignize	oimansignizing	9.994922637939453
uncolufy	oiuncolufying	10.608586311340332
sorchour	oisorchouring	11.62197494506836
disinstersion	ondisinstersioning	14.085583686828613
discorch	oidiscorching	11.722209930419922
meractitate	oimeractitating	12.183448791503906
deantierize	oideantierizing	10.866323471069336
frower	oifrowering	9.604069709777832
præasticate	otpræasticating	10.87170124053955
subdutify	oisubdutifying	11.052720069885254
derank	oideranking	8.67798900604248
properate	oiproperating	9.594869613647461
decorsel	oidecorseling	10.663826942443848
sphool	oisphooling	8.097540855407715
ribigate	oiribigating	9.701644897460938
subtroad	oisubtroading	9.587258338928223
unclew	oiunclewing	8.982891082763672
distruse	oidistrusing	9.677804946899414
bereap	oibereaping	9.007664680480957
unstreak	onunstreaking	8.621027946472168
precopile	oiprecopiling	11.87922477722168
defimaise	oidefimaising	10.179683685302734
befudder	oibefuddering	9.26723861694336
strame	oistraming	8.0226469039917
derigh	oiderighing	8.660968780517578
contrumitize	occontrumitizing	12.083169937133789
converpill	otconverpilling	11.313783645629883
remormuse	onremormusing	9.700882911682129
recomension	onrecomensioning	10.254785537719727
umposing	oiumposinging	9.444547653198242
suffare	oisuffaring	8.885849952697754
commosch	oicommosching	9.186436653137207
uncark	oiuncarking	8.803215026855469
reblain	oireblaining	9.181211471557617
upbont	oiupbonting	8.409476280212402
revatticize	oirevatticizing	10.517745018005371
decontel	oidecontelling	11.145404815673828
extransholder	otextransholdering	12.04304313659668
carepates	otcarepatesing	13.097086906433105
menalise	oimenalising	9.355883598327637
unsork	oiunsorking	8.689555168151855
restaise	oirestaising	9.671205520629883
suphresh	oisuphreshing	9.83468246459961
unstrail	oiunstrailing	10.414422035217285
dispoll	oidispolling	8.592012405395508
priscorate	oipriscorating	10.786319732666016
precomparize	oiprecomparizing	11.554901123046875
forepub	oiforepubbing	10.358943939208984
dissorcumenculate	otdissorcumenculating	16.493274688720703
recompineate	otrecompineating	11.618420600891113
pellenage	oipellenaging	9.881728172302246
beflood	oibeflooding	8.92371654510498
morstrapl	oimorstrapling	11.012202262878418
beclust	oibeclusting	10.209632873535156
beleboo	aibelebooing	10.306835174560547
recomporcalize	otrecomporcalizing	12.750385284423828
reassor	oireassoring	8.960394859313965
retunged	oiretungedding	9.825334548950195
respum	oirespumming	9.474007606506348
mishiggle	oimishiggling	9.627410888671875
claphet	oiclapheting	9.533832550048828
miscrain	oimiscraining	11.997793197631836
castrive	oicastriving	9.184344291687012
coaphecrongiate	oacoaphecrongiating	12.210351943969727
diadinicate	oidiadinicating	10.351717948913574
unsheer	oiunsheering	9.647648811340332
unpotiongize	oiunpotiongizing	10.744199752807617
refitify	oirefitifying	9.872453689575195
respood	oirespooding	8.690754890441895
extiscify	otextiscifying	11.182839393615723
unlamel-atorise	Maunlamel-atorising	14.764727592468262
bircubrignester	inbircubrignestering	15.292993545532227
mishrost	oimishrosting	9.07669448852539
scrinstrag	ocscrinstragging	12.23180103302002
cicklen	oicicklening	9.326521873474121
prisast	oiprisasting	9.525678634643555
rebalt	oirebalting	8.414224624633789
meclank	oimeclanking	8.746139526367188
unbonglaize	oiunbonglaizing	10.346183776855469
forpow-drawe	oiforpow-drawing	11.362946510314941
commotarize	oicommotarizing	10.16245174407959
catientize	oicatientizing	10.3390531539917
mispall	oimispalling	9.303213119506836
manglamize	oimanglamizing	10.228472709655762
retryint	oiretryinting	10.579129219055176
undudee	oiundudeeing	9.369324684143066
experate	onexperating	9.684425354003906
bolater	oibolatering	9.285213470458984
sclibindor	oisclibindoring	11.679325103759766
rotize	oirotizing	7.866109848022461
recrass-tour	otrecrass-touring	11.242486953735352
subexhert	onsubexherting	10.346800804138184
underfuss	onunderfussing	10.201754570007324
uphonify	oiuphonifying	9.886357307434082
descarm	oidescarming	10.64632511138916
pysimage	oipysimaging	9.447325706481934
underbiss	onunderbissing	10.050263404846191
donded	oidondedding	8.590433120727539
debribate	oidebribating	9.417366027832031
raddour	oiraddouring	9.105013847351074
beloar	oibeloaring	8.68997573852539
forhol	oiforholing	8.835529327392578
misarmender	oimisarmendering	11.08000373840332
fortign	oifortigning	9.781487464904785
reted	oiretedding	9.104582786560059
befarben	onbefarbening	9.539205551147461
defaricatise	otdefaricatising	12.293051719665527
prepold	oiprepolding	9.143641471862793
commolify	oicommolifying	9.828834533691406
mistrip	oimistripping	10.100757598876953
recome	oirecoming	8.055821418762207
dealypanch	oidealypanching	11.1083345413208
redify	oiredifying	8.408129692077637
dockorise	oidockorising	9.819851875305176
refrecate	oirefrecating	10.608285903930664
befrisp	oibefrisping	9.413317680358887
congom	oicongoming	8.577607154846191
belatify	oibelatifying	9.973830223083496
resolilize	oiresolilizing	10.220682144165039
forebolle	oiforebolling	9.783743858337402
unshither	oiunshithering	9.917336463928223
protoppilialize	otprotoppilializing	14.443643569946289
beteeder	onbeteedering	9.604687690734863
perrice	oiperricing	9.111040115356445
represensolize	otrepresensolizing	12.459078788757324
commilt	oicommilting	9.25930118560791
phasturise	oiphasturising	10.34246826171875
pottle-crump	ocpottle-crumping	13.395902633666992
underdract	otunderdracting	11.402194023132324
deprecraster	otdeprecrastering	11.871295928955078
unbitt	oiunbitting	8.190763473510742
disarrease	oidisarreasing	10.662827491760254
umputten	oiumputtening	9.35252857208252
malitate	oimalitating	10.488027572631836
discuminate	otdiscuminating	12.292664527893066
sendricalize	oisendricalizing	11.4066743850708
pholy	oipholying	8.641756057739258
brumbit	oibrumbiting	9.589977264404297
ensheak	oiensheaking	8.701827049255371
restirken	oirestirkening	9.910796165466309
bepede	oibepeding	9.296126365661621
deretont	oideretonting	9.41567325592041
mone-tult	oimone-tulting	11.851144790649414
sconter	oiscontering	9.549707412719727
bowdag	oibowdagging	8.75978946685791
unbeale	oiunbealing	8.863381385803223
pitrister	oipitristering	11.11821174621582
reverdar	onreverdaring	10.71204948425293
enderize	onenderizing	9.296304702758789
exproper	oiexpropering	10.39342975616455
catrestize	otcatrestizing	10.06153392791748
ritionize	oiritionizing	9.929978370666504
unbearl	oiunbearling	9.177392959594727
melogate	oimelogating	9.644463539123535
untroune	oiuntrouning	9.593123435974121
flowify	eiflowifying	9.562115669250488
secterneate	otsecterneating	11.237041473388672
shurdlal	oishurdlalling	10.922856330871582
dereap	oidereaping	9.258482933044434
shacklify	oishacklifying	12.803126335144043
chopprester	otchopprestering	11.185514450073242
pisthard	oipistharding	9.577216148376465
exhimine	olexhimining	9.779586791992188
prachoculate	otprachoculating	12.497188568115234
backstoul	oibackstouling	10.219491004943848
beprowens	oibeprowensing	10.460827827453613
extelify	oiextelifying	10.396340370178223
preprespouct	otpreprespoucting	13.159812927246094
fereecurtinate	ecfereecurtinating	14.994868278503418
rechanthise	oirechanthising	10.335469245910645
compresate	otcompresating	10.780556678771973
duminate	oiduminating	9.88396167755127
shalinate	oishalinating	9.616071701049805
mouthen	oimouthening	9.56367301940918
songitionate	oisongitionating	10.996637344360352
floush	oifloushing	9.083182334899902
mestreath	oimestreathing	10.130151748657227
merify	oimerifying	9.466206550598145
conploin	oiconploining	9.78508186340332
underparch	otunderparching	11.703052520751953
cannicalise	otcannicalising	11.361437797546387
phooge	oiphooging	7.721953392028809
missumbecud	oimissumbecudding	11.405380249023438
reprosetize	oireprosetizing	11.2515230178833
enderseeve	onenderseeving	10.471503257751465
preplist	oipreplisting	9.883914947509766
disholl	oidisholling	8.748576164245605
sucastest	oisucastesting	10.449885368347168
bittlif	oibittliffing	10.20635986328125
destrumol	oidestrumoling	11.438332557678223
macess	oimacessing	10.110440254211426
bedom	oibedoming	8.269631385803223
underslink	otunderslinking	11.053515434265137
shurne	oishurning	8.5773344039917
rooflie	oirooflying	9.59964656829834
dissicalize	oidissicalizing	11.231359481811523
concant	inconcanting	10.50811767578125
misphalane	oimisphalaning	10.087836265563965
berock	oiberocking	8.810115814208984
manthronomize	ocmanthronomizing	12.792797088623047
refraged	oirefragedding	10.246822357177734
damitarise	oidamitarising	11.167181968688965
unblanding	otunblandinging	10.943807601928711
potiate	oipotiating	8.662725448608398
exacclate	otexacclating	10.63117504119873
scordenise	oiscordenising	10.842432975769043
silleched	oisillechedding	10.561388969421387
bleap	oibleaping	8.016901969909668
respelder	oirespeldering	10.001434326171875
disinterfure	ocdisinterfuring	12.931507110595703
cimpar	oicimparing	9.821810722351074
underpathilycate	otunderpathilycating	14.435946464538574
sammick	oisammicking	8.859843254089355
reforeshinise	onreforeshinising	12.391709327697754
froof	oifroofing	7.814998626708984
clongionize	oiclongionizing	10.521879196166992
revenarize	oirevenarizing	10.450711250305176
unsonstatisionate	onunsonstatisionating	14.198144912719727
deploge	oideploging	8.029009819030762
meclaminise	oimeclaminising	10.58814811706543
reclook	oireclooking	8.664280891418457
chauble	oichaubling	8.895883560180664
umbraise	oiumbraising	9.791557312011719
misholy	oimisholying	9.15976619720459
misprearise	otmisprearising	11.108330726623535
exidise	oiexidising	8.84553337097168
unrepre-chast	otunrepre-chasting	14.590598106384277
disram	oidisramming	9.314867973327637
meclurbulate	otmeclurbulating	13.154460906982422
subtranalise	otsubtranalising	11.926568984985352
deasussalize	oideasussalizing	11.771903038024902
rediculate	otrediculating	11.606143951416016
uncompressy	otuncompressying	11.460006713867188
surfark	oisurfarking	10.178447723388672
forebrack	oiforebracking	10.634964942932129
purtend	oipurtending	9.691795349121094
rapparkle	oirapparkling	10.516175270080566
forecaps	oiforecapsing	11.109832763671875
rescord	oirescording	10.308902740478516
proponish	oiproponishing	10.13470458984375
bephunginate	oibephunginating	11.186424255371094
permatorize	oipermatorizing	10.679323196411133
fancust	infancusting	10.656920433044434
unbittre	oiunbittring	9.597771644592285
dissaluate	oidissaluating	10.09129524230957
destile	oidestiling	8.901459693908691
dowshraminize	oidowshraminizing	12.866735458374023
exoriarize	oiexoriarizing	10.968668937683105
retercent	ocretercenting	10.531597137451172
subsecten	oisubsectening	10.208309173583984
emelify	oiemelifying	9.434637069702148
shrumpe	oishrumping	8.609247207641602
sontify	oisontifying	9.17828369140625
deselfier	oideselfiering	10.33591079711914
exsele-tamm	otexsele-tamming	11.22877025604248
unhowe	oiunhowing	8.135085105895996
rantle	oirantling	8.922884941101074
posim	olposiming	9.270604133605957
undack	oiundacking	8.318914413452148
preveed	oipreveeding	9.021856307983398
bepown	oibepowning	8.42009162902832
debeed	oidebeeding	9.705094337463379
underpurt	otunderpurting	11.826676368713379
bedisserate	otbedisserating	12.540705680847168
mishacidate	oimishacidating	11.183019638061523
phorotemize	oiphorotemizing	10.546719551086426
rabsarritize	otrabsarritizing	11.020045280456543
retight	oiretighting	9.412933349609375
doppotionace	oidoppotionacing	10.751825332641602
decese	aidecesing	9.843450546264648
unfocke	oiunfocking	8.703459739685059
uncumble	oiuncumbling	9.764815330505371
spureed	oispureeding	9.248092651367188
sauberbamilate	oasauberbamilating	13.006240844726562
coldimilate	oicoldimilating	10.382403373718262
beshyphitinate	onbeshyphitinating	12.203483581542969
recordialise	oirecordialising	11.274614334106445
rephire	oirephiring	8.813029289245605
supore	oisuporing	8.427986145019531
unrectear	oiunrectearing	11.054293632507324
defortinision	ondefortinisioning	12.824420928955078
unbathify	oiunbathifying	9.745640754699707
decommeste	oidecommesting	9.951441764831543
forepat	oiforepatting	10.225496292114258
casherate	oicasherating	10.040342330932617
fidilate	oifidilating	9.672776222229004
frowroot	oifrowrooting	10.776951789855957
forhon	oiforhoning	8.274394989013672
sarthort	oisarthorting	9.455961227416992
phytomorg	oiphytomorging	11.749168395996094
coothote	oicoothoting	8.957478523254395
mustrain	oimustraining	10.580625534057617
deplact	oideplacting	9.395357131958008
beceach	oibeceaching	9.085724830627441
shamitring	oishamitringing	10.198541641235352
reflow-coate	oireflow-coating	11.824952125549316
soud-chimeten	onsoud-chimetening	11.050616264343262
brimshrope	oibrimshroping	10.152364730834961
recrib	oirecribbing	9.314535140991211
recacce	oirecaccing	9.21792984008789
deaught	oideaughting	8.69875431060791
flyiletallate	Wiflyiletallating	13.569318771362305
partrustise	otpartrustising	12.618650436401367
previstrop	oiprevistroping	13.084226608276367
premethast	oipremethasting	10.153027534484863
recanch	oirecanching	9.156798362731934
chrecrify	otchrecrifying	12.256772994995117
reflant	oireflanting	9.674333572387695
defurder	oidefurdering	9.642350196838379
recopiate	oirecopiating	10.10210132598877
falork	oifalorking	8.371125221252441
disaparrigize	ocdisaparrigizing	14.39002799987793
cropenize	oicropenizing	10.002187728881836
præmol	oipræmolling	9.240265846252441
scardendize	oiscardendizing	11.199499130249023
decarrorate	otdecarrorating	11.81379508972168
rebed	oirebedding	8.103595733642578
roosperse	oiroospersing	10.135984420776367
prepeerense	otprepeerensing	10.980369567871094
doubsise	oidoubsising	9.566866874694824
scimb	oiscimbing	8.012869834899902
shotpel	oishotpeling	10.179974555969238
recipter	oireciptering	9.87930965423584
ropeld	oiropelding	9.312234878540039
cousken	oicouskening	9.378549575805664
poseserize	oiposeserizing	10.271343231201172
reforspale	oireforspaling	10.806382179260254
ectuber	oiectubering	9.221549034118652
emporop	oiemporopping	9.539732933044434
beandelish	oibeandelishing	10.464277267456055
elempure	oielempuring	8.875126838684082
creadock	oicreadocking	10.014739036560059
unseng	oiunsenging	8.730774879455566
dissist	oidissisting	8.983838081359863
uncarneseate	otuncarneseating	11.340948104858398
freasplack	oifreasplacking	11.845454216003418
supsick	oisupsicking	9.482404708862305
cooledecect	otcooledececting	10.998446464538574
essumilize	oiessumilizing	10.252772331237793
propaise	oipropaising	9.291404724121094
fanalise	oifanalising	9.647737503051758
enchinate	oienchinating	9.796951293945312
dishrichesish	oidishrichesishing	12.129386901855469
mangenise	oimangenising	9.710616111755371
retrott-disangurate	onretrott-disangurating	14.1046724319458
reprevisify	oireprevisifying	11.208508491516113
strastify	oistrastifying	11.019209861755371
stabalecise	oistabalecising	10.563398361206055
frawe-hurch	oifrawe-hurching	12.438654899597168
misprass	oimisprassing	9.664088249206543
chalowogrutherise	otchalowogrutherised	14.799431800842285
retlow	oiretlowing	8.609686851501465
restasionate	otrestasionating	11.40899658203125
perterplatise	otperterplatising	12.862408638000488
retench	oiretenching	9.654630661010742
delify	oidelifying	8.722774505615234
descrack	oidescracking	11.52133560180664
medeletate	oimedeletating	10.372172355651855
enback	oienbacking	8.804082870483398
recester	onrecestering	10.539984703063965
combrock	oicombrocking	11.063850402832031
reforsphone	onreforsphoning	10.762229919433594
enchasce	oienchascing	9.463342666625977
precate	oiprecating	10.246687889099121
stribinate	oistribinating	11.22635555267334
repimse	oirepimsing	9.233715057373047
cransify	oicransifying	11.40986156463623
compunterimate	otcompunterimating	12.512978553771973
poosced	oipooscedding	8.907172203063965
repolytize	oirepolytizing	10.297090530395508
prucananize	otprucananizing	12.020856857299805
mastitize	oimastitizing	9.867655754089355
phowed	oiphowedding	9.224868774414062
perminogarize	oiperminogarizing	12.35507869720459
underdowet	oiunderdoweting	11.915639877319336
shirch	oishirching	8.824464797973633
disterpel	oidisterpeling	10.828446388244629
shimb	oishimbing	8.067249298095703
emearize	oiemearizing	9.607404708862305
parenecreate	otparenecreating	13.59864330291748
misbecload	oimisbecloading	10.859110832214355
perplettinate	otperplettinating	11.709535598754883
saurlusise	oisaurlusising	10.364234924316406
froak	oifroaking	8.315790176391602
redisar	oiredisaring	10.250346183776855
missingriate	otmissingriating	11.856772422790527
disfirrame	oidisfirraming	10.454537391662598
missirialize	oimissirializing	11.480895042419434
breaphostare	oibreaphostaring	11.357471466064453
endersent	onendersenting	10.204353332519531
side-sectule	oiside-sectuling	12.041654586791992
domalogate	oidomalogating	10.647518157958984
decram	oidecramming	9.72581672668457
burdeer	oiburdeering	9.14859390258789
decummunise	oidecummunising	10.764702796936035
papperize	oipapperizing	10.020698547363281
forsim	oiforsimming	9.2135591506958
reviate	oireviating	9.319379806518555
beconsorm	oibeconsorming	10.256153106689453
decruate	oidecruating	9.812520027160645
discalve	oidiscalving	9.880105972290039
underwet	onunderwetting	10.424027442932129
diacaise	oidiacaising	9.983224868774414
pertone	oipertoning	9.136215209960938
enfusk	oienfusking	8.915924072265625
repringer	oirepringering	11.698871612548828
defamenize	oidefamenizing	10.473965644836426
slackstilt	oislackstilting	11.718530654907227
elunelist	oielunelisting	11.323322296142578
pethole-reave	oipethole-reaving	11.002178192138672
refook	oirefooking	8.260506629943848
frondize	oifrondizing	8.911323547363281
maliscoper	otmaliscopering	13.20868968963623
pastem	oipasteming	10.296697616577148
depricate	oidepricating	10.492015838623047
misstalk	oimisstalking	9.692378044128418
cappaly	oicappalying	9.589412689208984
undinder	oiundindering	9.843259811401367
foreclappering	Enforeclapperinging	14.335160255432129
divolize	oidivolizing	9.444195747375488
recurre-hut	ocrecurre-hutting	12.11726188659668
disslimotestish	otdisslimotestishing	12.767693519592285
reconveen	oireconveening	10.050605773925781
unratt	oiunratting	8.394941329956055
prefate	oiprefating	8.206330299377441
untertorise	ocuntertorising	11.079880714416504
debrasp	oidebrasping	9.456799507141113
sicerate	oisicerating	9.506226539611816
becist	oibecisting	8.594207763671875
dialigate	oidialigating	9.700557708740234
clownert	oiclownerting	11.619583129882812
undrase	oiundrasing	8.706068992614746
dissconter	oidisscontering	10.6689453125
underparee	otunderparing	11.335020065307617
decountresent	ondecountresenting	12.911771774291992
dallist	oidallisting	9.542055130004883
fongortize	oifongortizing	9.88519287109375
depriast	oidepriasting	10.703234672546387
fitionate	oifitionating	10.183470726013184
prossiate	oiprossiating	10.384727478027344
down-pite	eidown-piting	12.091772079467773
emplead	oiempleading	9.268224716186523
misbramble	oimisbrambling	11.157196044921875
undermitre	otundermitring	10.825925827026367
bepange	oibepanging	8.953857421875
simbraphize	oisimbraphizing	11.447654724121094
supencone	oisupenconing	10.680113792419434
couthite	oicouthiting	9.324225425720215
preperprocityte	otpreperprociting	14.484574317932129
enpithemize	oienpithemizing	11.057262420654297
shepinate	oishepinating	9.628641128540039
recrase	oirecrasing	9.292574882507324
dispank	oidispanking	8.906445503234863
unstark	oiunstarking	9.036650657653809
borthet	onbortheting	10.25007152557373
undespanch	otundespanching	11.474212646484375
maranize	oimaranizing	9.258423805236816
cacicitionalise	alcacicitionalising	15.147684097290039
decrampay	oidecrampaying	10.833404541015625
extrictify	otextrictifying	12.239118576049805
sucurolute	oisucuroluting	11.130121231079102
corestominate	otcorestominating	13.27054500579834
repiter-pissurize	otrepiter-pissurizing	16.363143920898438
soccummise	oisoccummising	10.901189804077148
cubfrook	oicubfrooking	9.171451568603516
stallliph	oistalliphing	10.032904624938965
shochash	oishochashing	10.503568649291992
disinterpaise	otdisinterpaising	13.648041725158691
forcortalise	oiforcortalising	13.005589485168457
prespackise	oiprespackising	10.85411262512207
fangerate	oifangerating	9.602021217346191
refark	oirefarking	9.097825050354004
marreine	oimarreining	8.805758476257324
unhowse	oiunhowsing	8.669354438781738
repoorize	oirepoorizing	9.493019104003906
calleathize	oicalleathizing	10.771815299987793
bratilitize	oibratilitizing	11.068230628967285
mispy	oimispying	8.212843894958496
sconderifoge	oisconderifoging	10.693636894226074
parestarize	otparestarizing	11.018123626708984
bonesh	onboneshing	8.916558265686035
sourise	oisourising	9.176207542419434
expease	oiexpeasing	9.229059219360352
mispet	oimispeting	9.162001609802246
surchylate	oisurchylating	11.226424217224121
fertialise	oifertialising	10.64487361907959
præfrancize	otpræfrancizing	10.933889389038086
defabbogrook	oidefabbogrooking	11.270490646362305
uncort	oiuncorting	8.851022720336914
fineroline	oifinerolining	10.68061351776123
berotitise	oiberotitising	10.373849868774414
foaster	oifoastering	9.015766143798828
forelatish	oiforelatishing	11.01806640625
surticate	oisurticating	11.647832870483398
defacturate	otdefacturating	11.1539888381958
mocintify	oimocintifying	11.167262077331543
unchambut	oiunchambuting	10.959548950195312
pedail	oipedailing	8.697742462158203
polignise	oipolignising	10.98934268951416
matinyate	oimatinyating	10.431427001953125
fatulise	oifatulising	9.464029312133789
colulcate	oicolulcating	10.00938892364502
sumparch	oisumparching	9.47571849822998
underbray	otunderbraying	11.227428436279297
exelt	oiexelting	8.117263793945312
deaminalate	oideaminalating	9.841130256652832
prepenturate	ocprepenturating	12.792338371276855
scorpesh	oiscorpeshing	9.590679168701172
slyarize	oislyarizing	10.066614151000977
prevow	oiprevowing	8.871541976928711
malegrate	oimalegrating	10.57750415802002
undersunch	otundersunching	11.395834922790527
molylotize	oimolylotizing	10.528003692626953
disastinantate	oadisastinantating	12.642464637756348
rebollsin	oirebollsining	9.757939338684082
sinseen	oisinseening	8.966158866882324
futeerate	oifuteerating	9.676928520202637
unfusch	oiunfusching	10.178296089172363
depark	oideparking	8.505853652954102
rebuffle	oirebuffling	9.115650177001953
farmarize	oifarmarizing	9.90008544921875
retemple	onretempling	10.053601264953613
pleete	eapleeting	9.697742462158203
mispain	oimispaining	8.819509506225586
dispamm	oidispamming	9.167242050170898
enstist	oienstisting	9.38393783569336
unspalp-bole	oiunspalp-boling	11.028114318847656
disenvarrize	oidisenvarrizing	10.81645393371582
upempate	oiupempating	9.46286678314209
disenstrick	ocdisenstricking	11.140127182006836
uncordel	oiuncordeling	10.571076393127441
flissense	onflissensing	9.765052795410156
debame	oidebaming	8.080513954162598
rateranise	otrateranising	10.552057266235352
envaminate	oienvaminating	10.150243759155273
solotionalize	oisolotionalizing	12.27047348022461
emback	oiembacking	8.301004409790039
unhretrifulate	otunhretrifulating	13.870321273803711
uptitain	oiuptitaining	9.84673023223877
uncatter	oiuncattering	9.624699592590332
dackscrib	oidackscribbing	10.838643074035645
undercrote	otundercroting	10.7784423828125
encitetre	olencitetring	10.619385719299316
plowasin	oiplowasining	10.992984771728516
resansorize	oiresansorizing	11.27942180633545
forpromine	oiforpromining	10.245014190673828
forcrassify	otforcrassifying	11.632723808288574
debast-till	oidebast-tilling	10.995123863220215
pirbest	oipirbesting	10.127753257751465
præscotterize	otpræscotterizing	12.494467735290527
soptitomate	oisoptitomating	10.794776916503906
schac	oischacking	8.233580589294434
connify	oiconnifying	11.156217575073242
delistream	oidelistreaming	11.199875831604004
